trend_timestamp,topic_category,country,tweet_volume,mention_count,retweet_count,trend_score,sentiment_index,impressions,engagement_count
01-01-2025,AI,Germany,7215,6657,2080,0.291321526,0.707207868,75188,18402
01-01-2025,AI,India,719,4166,788,0.500161305,0.939740866,67444,40776
01-01-2025,AI,UK,8006,978,4329,0.000606676,0.774677021,82570,23184
01-01-2025,AI,USA,5735,8043,7666,0.515176649,0.232384056,33759,18020
01-01-2025,Cloud,Germany,1158,989,1866,0.500161305,0.045632457,25429,26070
01-01-2025,Cloud,India,2383,4251,1466,0.500161305,0.3954328,79151,34323
01-01-2025,Cloud,UK,4918,4912,7323,0.159225355,0.308726252,62672,46262
01-01-2025,Cloud,USA,3683,8968,4984,0.500161305,0.087467125,62464,23660
01-01-2025,Finance,Germany,5961,7522,5981,0.14264546,0.045472167,51175,5997
01-01-2025,Finance,India,7146,9385,6422,0.455633412,0.540196503,3699,25609
01-01-2025,Finance,UK,2959,4154,4908,0.410282118,0.584157442,26201,27411
01-01-2025,Finance,USA,1628,100,6645,0.500161305,0.96629132,58227,19727
01-01-2025,Sports,Germany,1992,9056,8128,0.400259013,0.369883544,95777,41422
01-01-2025,Sports,India,6859,7743,2575,0.500161305,0.662026702,51175,45696
01-01-2025,Sports,UK,2742,4767,8392,0.640448381,0.333513128,49441,8975
01-01-2025,Sports,USA,498,6956,283,0.421241195,0.067856423,80980,5875
02-01-2025,AI,Germany,3446,8649,7553,0.500161305,0.051183444,1803,39646
02-01-2025,AI,India,2134,6657,7387,0.397060474,0.074091282,92447,6011
02-01-2025,AI,UK,2494,1398,2099,0.500161305,0.459426253,78332,18677
02-01-2025,AI,USA,7126,3526,4157,0.500161305,0.232663805,56001,24886
02-01-2025,Cloud,Germany,5307,6328,6609,0.363393822,0.398522,10753,5787
02-01-2025,Cloud,India,1435,4999,6064,0.69583103,0.755321108,96765,49751
02-01-2025,Cloud,UK,7829,8475,8345,0.500161305,0.961408988,76905,21135
02-01-2025,Cloud,USA,8899,6328,9284,0.500161305,0.711781332,54211,20516
02-01-2025,Finance,Germany,9936,5329,8199,0.746544607,0.504272069,62276,23798
02-01-2025,Finance,India,8361,7821,419,0.221034393,0.031463643,91972,31135
02-01-2025,Finance,UK,9088,9342,3665,0.610710419,0.53175511,48272,27348
02-01-2025,Finance,USA,317,9642,8226,0.870510593,0.233174504,76226,43689
02-01-2025,Sports,Germany,7462,4695,1003,0.500161305,0.242325441,10803,37793
02-01-2025,Sports,India,9171,2485,847,0.500161305,0.170022652,45912,46409
02-01-2025,Sports,UK,5067,7887,459,0.500161305,0.618936756,84867,1746
02-01-2025,Sports,USA,5067,3734,7108,0.500161305,0.660493711,93949,6089
03-01-2025,AI,Germany,2679,1823,7986,0.339458095,0.93933886,58317,10186
03-01-2025,AI,India,5327,3176,2691,0.500161305,0.888047576,97258,19959
03-01-2025,AI,UK,812,7435,5613,0.500161305,0.792346128,62064,5555
03-01-2025,AI,USA,9804,5959,6416,0.500161305,0.900022934,46242,30628
03-01-2025,Cloud,Germany,5210,2576,1886,0.650261803,0.398331346,79401,37928
03-01-2025,Cloud,India,1197,2838,3088,0.500161305,0.796449362,51175,28868
03-01-2025,Cloud,UK,8439,1209,7520,0.500161305,0.875078886,25413,18540
03-01-2025,Cloud,USA,3930,9003,4592,0.500161305,0.422347035,80937,17848
03-01-2025,Finance,Germany,1135,5910,6332,0.500161305,0.972352796,98283,16811
03-01-2025,Finance,India,6680,1143,5019,0.786068544,0.063280838,92881,29188
03-01-2025,Finance,UK,2918,4308,4481,0.43132573,0.458767831,44489,28177
03-01-2025,Finance,USA,9200,9291,5395,0.663794051,0.204282159,98043,27934
03-01-2025,Sports,Germany,114,3707,4984,0.545699051,0.556436211,59032,23006
03-01-2025,Sports,India,4179,5262,7209,0.274925342,0.588753125,16003,18208
03-01-2025,Sports,UK,1001,2482,886,0.456108903,0.421869759,6495,22118
03-01-2025,Sports,USA,9331,5773,3562,0.500161305,0.504272069,30676,31781
04-01-2025,AI,Germany,9225,4326,9345,0.754910164,0.647330658,54073,10945
04-01-2025,AI,India,2246,2481,5655,0.35567675,0.647560642,22841,17893
04-01-2025,AI,UK,3288,2517,2866,0.307106646,0.383651156,49211,27848
04-01-2025,AI,USA,9417,4529,4444,0.500161305,0.612422337,42020,20715
04-01-2025,Cloud,Germany,9472,1595,5436,0.690961881,0.525014603,64935,18170
04-01-2025,Cloud,India,470,5740,3763,0.52243143,0.100578899,41954,10032
04-01-2025,Cloud,UK,3080,6952,2755,0.500161305,0.835723995,96898,12845
04-01-2025,Cloud,USA,7914,2086,7096,0.342998779,0.370815562,64400,5301
04-01-2025,Finance,Germany,3405,2969,6233,0.228989422,0.378747284,43518,5804
04-01-2025,Finance,India,1884,1817,4241,0.689115995,0.504272069,66278,42851
04-01-2025,Finance,UK,5328,7776,5914,0.585463393,0.352648017,91254,13551
04-01-2025,Finance,USA,3992,6042,5839,0.500161305,0.914792615,74779,47894
04-01-2025,Sports,Germany,6869,4767,3147,0.851503925,0.277036997,44683,28105
04-01-2025,Sports,India,9027,8363,9569,0.726309293,0.504272069,58440,36830
04-01-2025,Sports,UK,9359,6691,708,0.500161305,0.509963094,60995,4782
04-01-2025,Sports,USA,9789,7136,2396,0.500161305,0.018598219,64016,38720
05-01-2025,AI,Germany,4422,4786,4984,0.417275268,0.504272069,27103,37025
05-01-2025,AI,India,5784,2423,5901,0.500161305,0.783597432,51646,12751
05-01-2025,AI,UK,1055,8192,7900,0.500161305,0.980193393,28338,29829
05-01-2025,AI,USA,5281,8209,3627,0.943608445,0.981510973,16432,34087
05-01-2025,Cloud,Germany,1244,9827,5813,0.500161305,0.57927291,36094,31179
05-01-2025,Cloud,India,9426,7448,9444,0.605029238,0.918782835,5289,36004
05-01-2025,Cloud,UK,3256,1415,5561,0.500161305,0.12287691,99653,18450
05-01-2025,Cloud,USA,8984,8936,591,0.668720176,0.557313942,38721,25770
05-01-2025,Finance,Germany,9642,1313,2473,0.931534907,0.118338512,2495,25609
05-01-2025,Finance,India,8818,8335,325,0.017001151,0.017062328,89532,22262
05-01-2025,Finance,UK,469,9882,3178,0.500161305,0.16589025,35789,25609
05-01-2025,Finance,USA,4682,4999,9422,0.594029689,0.14121477,7752,37449
05-01-2025,Sports,Germany,5032,2303,4102,0.500161305,0.488068778,76387,38561
05-01-2025,Sports,India,3644,8738,5045,0.500161305,0.949421151,97431,14751
05-01-2025,Sports,UK,2422,9759,1752,0.500161305,0.408002865,27374,48938
05-01-2025,Sports,USA,5746,4647,4984,0.599250467,0.270821747,69387,37208
06-01-2025,AI,Germany,367,8191,8080,0.966620188,0.824616845,95085,11491
06-01-2025,AI,India,2193,4325,1029,0.991942164,0.562701073,60214,45209
06-01-2025,AI,UK,5649,820,8733,0.500161305,0.423941932,88402,8780
06-01-2025,AI,USA,932,7989,8267,0.20129792,0.990509389,93450,33235
06-01-2025,Cloud,Germany,7781,511,3846,0.82239959,0.374078078,54735,2150
06-01-2025,Cloud,India,5067,1936,9170,0.500161305,0.209391827,73287,25930
06-01-2025,Cloud,UK,5838,5413,2158,0.500161305,0.511294411,7032,2725
06-01-2025,Cloud,USA,8724,6941,5934,0.500161305,0.615973848,72404,25609
06-01-2025,Finance,Germany,9122,2733,6824,0.500161305,0.761036674,33453,32271
06-01-2025,Finance,India,6375,5239,5205,0.500161305,0.697646906,31409,30956
06-01-2025,Finance,UK,7577,4642,3626,0.500161305,0.656616993,81280,35291
06-01-2025,Finance,USA,3426,2544,3334,0.806529269,0.852696675,25325,42894
06-01-2025,Sports,Germany,8018,6411,5450,0.023368478,0.890897613,55177,33749
06-01-2025,Sports,India,1941,1342,5402,0.02655168,0.976647532,34741,12667
06-01-2025,Sports,UK,5375,2241,4481,0.500161305,0.255753552,70790,33754
06-01-2025,Sports,USA,4779,1115,3116,0.804753521,0.099948651,39746,30922
07-01-2025,AI,Germany,2838,7980,348,0.742377593,0.755349135,58394,4977
07-01-2025,AI,India,226,477,6578,0.774289621,0.545484991,51175,19273
07-01-2025,AI,UK,4174,6997,7961,0.244518955,0.757328324,9766,37135
07-01-2025,AI,USA,1503,2637,3763,0.500161305,0.956830275,82085,11188
07-01-2025,Cloud,Germany,5067,453,6206,0.033560382,0.30930424,16449,25609
07-01-2025,Cloud,India,8074,901,5847,0.794315378,0.455107906,43118,36649
07-01-2025,Cloud,UK,1390,4999,4126,0.500161305,0.066774886,53121,26083
07-01-2025,Cloud,USA,7969,4999,8272,0.355482567,0.76216869,22906,42949
07-01-2025,Finance,Germany,2549,3106,9801,0.44191306,0.782912688,69322,13722
07-01-2025,Finance,India,7182,1381,4382,0.500161305,0.870728064,9088,5266
07-01-2025,Finance,UK,7018,7077,5059,0.33858763,0.297505049,89470,8839
07-01-2025,Finance,USA,5594,4630,7560,0.83825954,0.07765417,37011,44018
07-01-2025,Sports,Germany,4520,3338,5592,0.681097536,0.474510308,54198,37636
07-01-2025,Sports,India,756,7047,7971,0.944043866,0.504272069,27594,1499
07-01-2025,Sports,UK,6396,3132,1611,0.790664671,0.547303339,29617,10215
07-01-2025,Sports,USA,6746,9094,5090,0.263266205,0.452466209,29467,31305
08-01-2025,AI,Germany,6739,6363,7327,0.22091194,0.619550852,22084,46138
08-01-2025,AI,India,110,974,4439,0.532507677,0.611039155,15133,26998
08-01-2025,AI,UK,1644,6947,1379,0.178641258,0.894929781,49018,10006
08-01-2025,AI,USA,2734,5965,1578,0.086374543,0.117975944,57593,45492
08-01-2025,Cloud,Germany,5183,2245,1255,0.732413142,0.018928012,83761,17516
08-01-2025,Cloud,India,2577,4999,832,0.500161305,0.028782667,58838,2227
08-01-2025,Cloud,UK,8319,870,4776,0.500161305,0.903764897,20142,3960
08-01-2025,Cloud,USA,2858,7419,4316,0.500161305,0.291128033,42994,46306
08-01-2025,Finance,Germany,5067,9507,2431,0.369833947,0.040226331,84398,34989
08-01-2025,Finance,India,253,5659,5300,0.188937221,0.798949591,68897,37248
08-01-2025,Finance,UK,5067,1373,8287,0.500161305,0.828094419,48153,13273
08-01-2025,Finance,USA,9871,6915,6188,0.500161305,0.821721452,53293,2354
08-01-2025,Sports,Germany,8162,1722,6586,0.500161305,0.561600041,85207,48178
08-01-2025,Sports,India,4266,3791,8905,0.500161305,0.504272069,54323,37942
08-01-2025,Sports,UK,6447,1658,4471,0.500161305,0.020969956,27398,45582
08-01-2025,Sports,USA,3383,9683,9588,0.500161305,0.543907029,71972,6655
09-01-2025,AI,Germany,7648,1841,2259,0.500161305,0.599758733,26607,20781
09-01-2025,AI,India,3909,9655,7923,0.500161305,0.390774145,75502,48967
09-01-2025,AI,UK,4238,4428,1643,0.7084061,0.317888042,86186,1451
09-01-2025,AI,USA,9237,9460,6821,0.713301872,0.933683587,51175,26645
09-01-2025,Cloud,Germany,3569,9054,4472,0.059622701,0.590016703,47101,25459
09-01-2025,Cloud,India,5173,4999,5556,0.827805118,0.96072075,65956,5659
09-01-2025,Cloud,UK,8596,7301,9556,0.500161305,0.481940307,27288,41352
09-01-2025,Cloud,USA,3933,3866,985,0.500161305,0.106271955,15332,26618
09-01-2025,Finance,Germany,6747,7156,1686,0.842826078,0.574134032,82091,28191
09-01-2025,Finance,India,8676,5487,8138,0.500161305,0.972187396,16135,47131
09-01-2025,Finance,UK,1318,5172,5446,0.500161305,0.195789505,98813,26345
09-01-2025,Finance,USA,3491,7741,8665,0.500161305,0.870097677,50769,47954
09-01-2025,Sports,Germany,8608,2055,2346,0.500161305,0.587866886,26417,41606
09-01-2025,Sports,India,1715,4999,2542,0.610203389,0.237178227,29088,14408
09-01-2025,Sports,UK,2060,2135,5213,0.500161305,0.396699999,14070,37620
09-01-2025,Sports,USA,7456,5193,9245,0.203908771,0.78786727,25077,5144
10-01-2025,AI,Germany,6049,4019,1040,0.500161305,0.443335289,69969,21624
10-01-2025,AI,India,1191,5001,4593,0.951492473,0.504272069,5241,3341
10-01-2025,AI,UK,737,2319,2571,0.500161305,0.579619443,8850,48881
10-01-2025,AI,USA,8741,275,9402,0.326684281,0.946568092,97663,10758
10-01-2025,Cloud,Germany,1306,7315,7075,0.186215354,0.504272069,24980,6903
10-01-2025,Cloud,India,4217,8484,5062,0.828402077,0.563119559,44122,48183
10-01-2025,Cloud,UK,4762,2146,7521,0.500161305,0.420846588,15256,25609
10-01-2025,Cloud,USA,8003,8996,4984,0.046530546,0.778726648,89394,32523
10-01-2025,Finance,Germany,5259,3624,6014,0.500161305,0.429685109,77623,46970
10-01-2025,Finance,India,7737,3664,4374,0.500161305,0.708151506,26566,45292
10-01-2025,Finance,UK,6315,4872,6482,0.500161305,0.856452226,58433,45167
10-01-2025,Finance,USA,1212,7263,8127,0.500161305,0.264923648,13050,42570
10-01-2025,Sports,Germany,3703,6475,3549,0.500161305,0.978902321,58688,28735
10-01-2025,Sports,India,9080,7681,235,0.500161305,0.203951116,36302,22184
10-01-2025,Sports,UK,3608,3481,6147,0.500161305,0.206513937,76308,25609
10-01-2025,Sports,USA,2689,8786,3024,0.680141435,0.632030944,1170,6104
11-01-2025,AI,Germany,4938,3796,6634,0.500161305,0.886490146,53859,27234
11-01-2025,AI,India,1518,6700,4456,0.764080237,0.497554229,12294,25147
11-01-2025,AI,UK,3156,8122,4553,0.500161305,0.066681132,57592,49635
11-01-2025,AI,USA,8325,9154,2989,0.500161305,0.180850536,68792,49643
11-01-2025,Cloud,Germany,3199,5237,2297,0.500161305,0.418286811,16487,12818
11-01-2025,Cloud,India,8958,6696,2916,0.078096281,0.160552675,4448,41405
11-01-2025,Cloud,UK,376,3173,5106,0.136555375,0.302587525,14193,14917
11-01-2025,Cloud,USA,9270,3278,5168,0.500161305,0.361886974,18696,49550
11-01-2025,Finance,Germany,8944,1424,9876,0.347964356,0.552232564,63383,43737
11-01-2025,Finance,India,464,2663,600,0.500161305,0.312269968,73827,19426
11-01-2025,Finance,UK,4202,363,3568,0.500161305,0.977156943,37113,13329
11-01-2025,Finance,USA,5791,2668,8223,0.475510529,0.755738157,39969,24461
11-01-2025,Sports,Germany,4520,4534,203,0.104533624,0.868386965,16342,49213
11-01-2025,Sports,India,1528,4023,992,0.746727055,0.479204698,28886,31244
11-01-2025,Sports,UK,7947,2317,6637,0.860692684,0.263881644,69905,7389
11-01-2025,Sports,USA,1404,6916,7177,0.500161305,0.842526201,9392,11844
12-01-2025,AI,Germany,505,4447,2311,0.500161305,0.566212931,66005,39720
12-01-2025,AI,India,3967,5403,3984,0.500161305,0.439531865,51175,46342
12-01-2025,AI,UK,5062,2949,6852,0.661217594,0.122233731,53127,47996
12-01-2025,AI,USA,7307,723,4984,0.500161305,0.919113384,99505,16835
12-01-2025,Cloud,Germany,4467,9761,4342,0.500161305,0.667464324,3912,2575
12-01-2025,Cloud,India,4582,7393,9106,0.500161305,0.932104238,19396,38002
12-01-2025,Cloud,UK,9093,1546,2997,0.292657258,0.238989866,9148,29834
12-01-2025,Cloud,USA,8776,3541,3705,0.500161305,0.723055825,89457,25609
12-01-2025,Finance,Germany,9565,5342,7509,0.500161305,0.766180359,12182,46423
12-01-2025,Finance,India,275,3109,9586,0.847064954,0.141123068,72022,33365
12-01-2025,Finance,UK,9927,4727,712,0.500161305,0.273299363,75630,35545
12-01-2025,Finance,USA,1010,556,6839,0.500161305,0.054361799,69346,25560
12-01-2025,Sports,Germany,649,4764,4984,0.500161305,0.490887866,96385,30376
12-01-2025,Sports,India,135,8539,5413,0.367829694,0.443155871,91566,48096
12-01-2025,Sports,UK,6333,5402,2791,0.040049936,0.200399374,51175,46669
12-01-2025,Sports,USA,4391,4604,7914,0.500161305,0.482001614,14125,28234
13-01-2025,AI,Germany,8856,6776,9504,0.500161305,0.014633021,29108,9382
13-01-2025,AI,India,7969,223,2297,0.500161305,0.730429347,51175,14144
13-01-2025,AI,UK,1215,4999,5139,0.500161305,0.343300139,66652,21748
13-01-2025,AI,USA,2873,4158,3073,0.963208114,0.459947384,51175,28958
13-01-2025,Cloud,Germany,4052,5197,9360,0.500161305,0.960007959,23312,22122
13-01-2025,Cloud,India,7053,5635,716,0.31842185,0.544570598,58175,6098
13-01-2025,Cloud,UK,5116,3125,2901,0.121737611,0.692596141,43003,25609
13-01-2025,Cloud,USA,5737,5269,569,0.392557998,0.504272069,66731,8302
13-01-2025,Finance,Germany,636,1817,2352,0.500161305,0.484374282,14917,17542
13-01-2025,Finance,India,5067,8267,7125,0.500161305,0.998921968,16618,23930
13-01-2025,Finance,UK,4489,1936,6191,0.494958945,0.496858579,31674,2142
13-01-2025,Finance,USA,3751,654,4984,0.500161305,0.116901642,15725,11418
13-01-2025,Sports,Germany,3217,3811,6118,0.263897297,0.460856784,34848,4849
13-01-2025,Sports,India,312,3530,7537,0.33367179,0.637626361,86341,27320
13-01-2025,Sports,UK,6874,5464,7726,0.500161305,0.583519203,7861,19018
13-01-2025,Sports,USA,771,450,4511,0.500161305,0.26026957,59894,21908
14-01-2025,AI,Germany,3295,578,2500,0.500161305,0.067233656,29522,25609
14-01-2025,AI,India,292,9633,2936,0.015841927,0.246591166,34205,20019
14-01-2025,AI,UK,6900,294,8172,0.500161305,0.87815116,53500,20504
14-01-2025,AI,USA,1437,9015,246,0.500161305,0.744824215,31950,47751
14-01-2025,Cloud,Germany,7035,1767,3573,0.500161305,0.613837208,51175,28721
14-01-2025,Cloud,India,4053,9705,943,0.489263586,0.74617889,11425,12790
14-01-2025,Cloud,UK,6101,9247,9875,0.830585322,0.278091823,20614,24033
14-01-2025,Cloud,USA,1777,7455,6859,0.500161305,0.029293188,35403,45350
14-01-2025,Finance,Germany,4955,8396,7346,0.991444505,0.279398056,20001,40660
14-01-2025,Finance,India,3382,8437,3377,0.500161305,0.051074441,7692,35305
14-01-2025,Finance,UK,7477,4452,3771,0.500161305,0.799526944,71551,47830
14-01-2025,Finance,USA,6282,7166,9198,0.500161305,0.93679662,74913,41647
14-01-2025,Sports,Germany,3382,2433,2923,0.500161305,0.451307787,51175,30746
14-01-2025,Sports,India,6125,2290,2786,0.500161305,0.332453366,37365,10801
14-01-2025,Sports,UK,5067,124,1665,0.500161305,0.942546726,11306,37084
14-01-2025,Sports,USA,7443,4924,808,0.500161305,0.802727683,91292,46202
15-01-2025,AI,Germany,5067,2881,3181,0.500161305,0.323714188,59364,21208
15-01-2025,AI,India,9766,6157,9553,0.500161305,0.174383116,98886,6372
15-01-2025,AI,UK,5284,888,7187,0.816860107,0.178186043,52565,49989
15-01-2025,AI,USA,8485,6991,4984,0.488918682,0.85981452,49965,42060
15-01-2025,Cloud,Germany,3369,9949,9376,0.319585954,0.722493696,71890,26001
15-01-2025,Cloud,India,3431,1096,6786,0.500161305,0.372043401,24503,9233
15-01-2025,Cloud,UK,2423,3656,910,0.815503424,0.479670026,1259,3961
15-01-2025,Cloud,USA,3248,5633,2674,0.877932239,0.921312243,38692,6025
15-01-2025,Finance,Germany,2617,6865,4984,0.928313173,0.402571444,75355,4576
15-01-2025,Finance,India,332,313,3990,0.500161305,0.319476882,51175,15630
15-01-2025,Finance,UK,1027,930,6874,0.631621954,0.936640586,39168,37410
15-01-2025,Finance,USA,5067,8893,989,0.914105532,0.201582456,68816,24999
15-01-2025,Sports,Germany,7460,6863,6608,0.825019822,0.447407475,98726,9246
15-01-2025,Sports,India,8226,3114,5887,0.500161305,0.491065119,16624,39231
15-01-2025,Sports,UK,4012,3075,3037,0.500161305,0.950441487,90926,25609
15-01-2025,Sports,USA,6997,3482,7432,0.530681657,0.312596315,87631,25609
16-01-2025,AI,Germany,6624,2148,1058,0.484329837,0.111963974,62280,34545
16-01-2025,AI,India,358,4999,4283,0.500161305,0.195378598,31072,21888
16-01-2025,AI,UK,8398,7245,4703,0.345349962,0.68487807,41783,14200
16-01-2025,AI,USA,4823,1549,5864,0.401632056,0.504272069,47355,25609
16-01-2025,Cloud,Germany,5067,2312,5709,0.772755268,0.623015892,87343,7525
16-01-2025,Cloud,India,270,4999,1036,0.500161305,0.457619616,5543,42026
16-01-2025,Cloud,UK,3108,2397,7918,0.405062581,0.25537932,89354,2278
16-01-2025,Cloud,USA,9612,6821,9217,0.772161852,0.742806407,87730,20267
16-01-2025,Finance,Germany,5067,6307,4984,0.500161305,0.862986621,3761,12586
16-01-2025,Finance,India,6421,9409,3955,0.500161305,0.119158902,78042,4643
16-01-2025,Finance,UK,434,5461,6208,0.483767342,0.882391093,56247,1448
16-01-2025,Finance,USA,6652,4319,3545,0.505276915,0.94253931,33433,45112
16-01-2025,Sports,Germany,5582,8828,1943,0.500161305,0.671826211,17280,39995
16-01-2025,Sports,India,1154,8705,8594,0.929374261,0.516647463,52604,25609
16-01-2025,Sports,UK,5826,6111,6184,0.188417562,0.848844693,30396,25609
16-01-2025,Sports,USA,9014,1510,358,0.540352969,0.249279244,75974,36279
17-01-2025,AI,Germany,9399,2207,8906,0.186956232,0.560059647,44114,30182
17-01-2025,AI,India,7592,9210,8930,0.469702878,0.432854128,51175,17751
17-01-2025,AI,UK,8749,4923,7205,0.500161305,0.408685943,80885,12220
17-01-2025,AI,USA,7823,7059,8874,0.500161305,0.504272069,19313,36855
17-01-2025,Cloud,Germany,9638,4126,5517,0.500161305,0.485182172,79745,43544
17-01-2025,Cloud,India,2768,9983,6708,0.500161305,0.504272069,60769,35881
17-01-2025,Cloud,UK,9349,7405,3601,0.781841111,0.536115283,98942,19122
17-01-2025,Cloud,USA,6731,9231,6873,0.500161305,0.266928732,44818,33821
17-01-2025,Finance,Germany,512,1680,1894,0.500161305,0.672200286,34070,16131
17-01-2025,Finance,India,6903,5412,4984,0.500161305,0.105469324,86643,1227
17-01-2025,Finance,UK,7955,6352,3000,0.955291305,0.925114374,99851,48386
17-01-2025,Finance,USA,6710,3055,1215,0.128760058,0.959315289,67255,39525
17-01-2025,Sports,Germany,6351,2299,3848,0.087892917,0.85018843,96815,4931
17-01-2025,Sports,India,447,3842,4868,0.500161305,0.812512883,77358,28908
17-01-2025,Sports,UK,2387,1236,7470,0.886867939,0.181290696,53851,17493
17-01-2025,Sports,USA,4326,2111,6166,0.369719547,0.763970947,97024,10447
18-01-2025,AI,Germany,9970,3425,1653,0.143849164,0.8081436,68361,21944
18-01-2025,AI,India,5861,8865,9214,0.500161305,0.583957927,4005,11335
18-01-2025,AI,UK,3518,6660,4122,0.888056027,0.996047035,79091,3169
18-01-2025,AI,USA,9794,6573,4795,0.644990102,0.48323805,27318,21121
18-01-2025,Cloud,Germany,5722,1225,7463,0.402364128,0.514993946,39908,5495
18-01-2025,Cloud,India,6103,6317,6678,0.841173458,0.580159386,67677,6938
18-01-2025,Cloud,UK,6233,3146,8194,0.012126776,0.283940057,60614,47378
18-01-2025,Cloud,USA,4243,1902,3452,0.578924794,0.887729199,8352,24418
18-01-2025,Finance,Germany,6702,3666,2220,0.287423155,0.353318639,50951,34074
18-01-2025,Finance,India,7652,703,7941,0.500161305,0.702108366,53912,5435
18-01-2025,Finance,UK,2779,7880,4882,0.500161305,0.990265193,78332,17768
18-01-2025,Finance,USA,5439,1078,2674,0.184646302,0.443464177,39388,5534
18-01-2025,Sports,Germany,9283,9119,8680,0.500161305,0.596443917,39206,5851
18-01-2025,Sports,India,673,8601,6833,0.500161305,0.980163628,21638,16343
18-01-2025,Sports,UK,7066,9310,1137,0.35381743,0.193900384,70819,38489
18-01-2025,Sports,USA,2550,3517,9004,0.652856291,0.142210463,25388,6944
19-01-2025,AI,Germany,3175,4918,7631,0.500161305,0.96526068,86399,32056
19-01-2025,AI,India,7959,3516,4262,0.5920544,0.011044951,94480,29241
19-01-2025,AI,UK,5759,7056,557,0.500161305,0.142630489,9577,40699
19-01-2025,AI,USA,656,7791,3032,0.500161305,0.723326291,35100,4309
19-01-2025,Cloud,Germany,8937,6625,5624,0.606601288,0.504272069,74423,41514
19-01-2025,Cloud,India,5067,1174,624,0.500161305,0.79981954,74163,39139
19-01-2025,Cloud,UK,9556,8816,189,0.364425044,0.223945234,85865,10253
19-01-2025,Cloud,USA,6758,2138,7786,0.500161305,0.853730532,79940,25609
19-01-2025,Finance,Germany,8144,9901,4728,0.783231724,0.796564416,84737,5986
19-01-2025,Finance,India,4795,2174,4984,0.762113114,0.842628182,33483,40609
19-01-2025,Finance,UK,2364,844,1760,0.144919216,0.644862364,64442,34024
19-01-2025,Finance,USA,7050,4140,1143,0.500161305,0.29987126,49832,25609
19-01-2025,Sports,Germany,2373,8334,1093,0.500161305,0.693779676,51175,10360
19-01-2025,Sports,India,1722,5105,5736,0.724647716,0.734034849,73729,12762
19-01-2025,Sports,UK,8549,8640,3496,0.500161305,0.176725197,2104,25609
19-01-2025,Sports,USA,8103,4742,1326,0.500161305,0.065586162,54609,39253
20-01-2025,AI,Germany,6567,5756,9829,0.500161305,0.684947075,69257,38052
20-01-2025,AI,India,1781,2700,7689,0.500161305,0.306921415,56848,35493
20-01-2025,AI,UK,2962,5289,435,0.17738327,0.959058183,54012,39936
20-01-2025,AI,USA,369,1040,526,0.500161305,0.13564255,91251,39673
20-01-2025,Cloud,Germany,5067,9742,1536,0.191104113,0.314953161,93088,4434
20-01-2025,Cloud,India,9037,4999,3474,0.251533494,0.125145337,55173,46092
20-01-2025,Cloud,UK,3630,3210,7093,0.74321324,0.328754309,8687,47334
20-01-2025,Cloud,USA,9371,8886,4684,0.500161305,0.899467672,24384,1832
20-01-2025,Finance,Germany,1841,8434,4984,0.500161305,0.197716799,76517,25638
20-01-2025,Finance,India,7250,7585,8804,0.500161305,0.642392556,69843,36051
20-01-2025,Finance,UK,4572,4999,5456,0.500161305,0.123854037,99588,48671
20-01-2025,Finance,USA,4381,1102,4984,0.858971007,0.286099721,24802,1199
20-01-2025,Sports,Germany,5067,3461,6177,0.500161305,0.374645573,13502,42205
20-01-2025,Sports,India,2135,6988,3546,0.500161305,0.827470858,80922,20298
20-01-2025,Sports,UK,2598,2788,3831,0.473859191,0.157855505,94917,11638
20-01-2025,Sports,USA,5766,7405,1541,0.623861093,0.094136494,33251,49455
21-01-2025,AI,Germany,4520,4458,6349,0.500161305,0.534014485,72667,6118
21-01-2025,AI,India,4158,6703,656,0.500161305,0.858719808,26451,4837
21-01-2025,AI,UK,4189,5419,977,0.500161305,0.866536168,38969,33377
21-01-2025,AI,USA,2283,4999,3444,0.184983844,0.294172209,10087,34396
21-01-2025,Cloud,Germany,3199,3960,8241,0.500161305,0.768455934,55735,43713
21-01-2025,Cloud,India,9185,9031,3864,0.185781909,0.764564868,59911,43960
21-01-2025,Cloud,UK,2944,4680,4675,0.500161305,0.565118943,58833,5569
21-01-2025,Cloud,USA,3521,7968,5150,0.211566697,0.331891132,57925,13397
21-01-2025,Finance,Germany,5993,2776,4868,0.500161305,0.84299064,98412,10634
21-01-2025,Finance,India,5389,4697,5996,0.500161305,0.80170107,56185,46176
21-01-2025,Finance,UK,8861,5098,2604,0.89282333,0.94067682,13122,46501
21-01-2025,Finance,USA,644,5858,8293,0.500161305,0.035720209,68828,7997
21-01-2025,Sports,Germany,9083,4325,4984,0.500161305,0.586302626,92975,19044
21-01-2025,Sports,India,1722,8335,1144,0.316602435,0.279998738,81847,13534
21-01-2025,Sports,UK,4987,4999,4976,0.753098321,0.902816324,37984,45340
21-01-2025,Sports,USA,522,2665,4984,0.742282208,0.525992755,82795,9943
22-01-2025,AI,Germany,2528,6142,2195,0.983636453,0.590998465,8635,33766
22-01-2025,AI,India,5067,2511,6104,0.500161305,0.409628968,65310,24362
22-01-2025,AI,UK,368,1119,1938,0.500161305,0.023293701,44955,13684
22-01-2025,AI,USA,2712,7829,818,0.514317602,0.570370546,91382,25652
22-01-2025,Cloud,Germany,5849,4999,3447,0.856046879,0.38443805,7128,4851
22-01-2025,Cloud,India,6661,4999,4472,0.775528656,0.83291713,72361,28980
22-01-2025,Cloud,UK,2701,8541,529,0.09791537,0.296723973,11200,18589
22-01-2025,Cloud,USA,3744,1067,6254,0.500161305,0.504272069,44481,29430
22-01-2025,Finance,Germany,9452,9816,7834,0.500161305,0.706343072,74530,48620
22-01-2025,Finance,India,7600,5222,4849,0.960060682,0.504272069,66888,11616
22-01-2025,Finance,UK,4747,4262,8802,0.500161305,0.919117837,84362,49585
22-01-2025,Finance,USA,1402,8268,8884,0.489621285,0.402881357,99562,4258
22-01-2025,Sports,Germany,4391,1446,7526,0.288869933,0.135443655,51175,25609
22-01-2025,Sports,India,2716,5896,4383,0.500161305,0.729777148,32441,47089
22-01-2025,Sports,UK,2167,1252,5462,0.500161305,0.019776647,23135,17572
22-01-2025,Sports,USA,6993,4999,3522,0.160701866,0.429729837,76708,41893
23-01-2025,AI,Germany,3236,5179,3326,0.500161305,0.603107369,20285,10904
23-01-2025,AI,India,5067,1458,8752,0.219968104,0.797604257,17048,25344
23-01-2025,AI,UK,3118,5003,8910,0.675062613,0.779248867,36548,24131
23-01-2025,AI,USA,7591,6112,340,0.307878358,0.378278712,16962,19862
23-01-2025,Cloud,Germany,3658,9084,5465,0.500161305,0.573054223,91651,12568
23-01-2025,Cloud,India,2505,2849,381,0.308036067,0.491679127,78419,9166
23-01-2025,Cloud,UK,5462,372,2346,0.407844084,0.553267181,31247,46369
23-01-2025,Cloud,USA,6188,4999,1757,0.259383952,0.334466347,68155,9552
23-01-2025,Finance,Germany,5758,6032,8056,0.910015319,0.340923477,63872,25609
23-01-2025,Finance,India,6805,3261,5090,0.383246635,0.64759702,36198,42786
23-01-2025,Finance,UK,7612,9545,4550,0.500161305,0.035448917,78562,10699
23-01-2025,Finance,USA,6941,9061,2332,0.258148163,0.533366708,14417,23799
23-01-2025,Sports,Germany,5067,1686,7992,0.500161305,0.667063758,27937,45857
23-01-2025,Sports,India,641,1792,4984,0.500161305,0.820187827,7802,44507
23-01-2025,Sports,UK,3404,1829,7234,0.500161305,0.042841875,14158,11492
23-01-2025,Sports,USA,9870,4432,8357,0.500161305,0.341061845,99611,5059
24-01-2025,AI,Germany,3817,5805,9199,0.500161305,0.615050945,30779,23730
24-01-2025,AI,India,4188,2880,2070,0.500161305,0.688725855,8328,24650
24-01-2025,AI,USA,3179,721,4074,0.970766557,0.980219841,75953,42193
24-01-2025,Cloud,Germany,5067,3331,4687,0.500161305,0.422811492,10529,8323
24-01-2025,Cloud,India,8133,7952,5999,0.481296579,0.14939034,52708,10932
24-01-2025,Cloud,UK,1527,7561,4900,0.500161305,0.48601022,76841,22293
24-01-2025,Cloud,USA,617,9539,6871,0.500161305,0.077453838,43936,2214
24-01-2025,Finance,India,9124,9862,518,0.318475657,0.301603296,16490,7655
24-01-2025,Finance,UK,5067,2148,7313,0.500161305,0.54646309,4768,29716
24-01-2025,Finance,USA,2722,7792,9806,0.500161305,0.903815483,15113,8372
24-01-2025,Sports,Germany,2989,4696,8841,0.630410067,0.282389466,19334,18542
24-01-2025,Sports,UK,2136,1988,4984,0.500161305,0.96782818,14958,37022
24-01-2025,Sports,USA,9304,1405,9310,0.800904774,0.785860576,89125,44882
